link,title,author,video_id
https://www.youtube.com/watch?v=YHlUk5Kiflg,"Iruttu - O Variya Video | Sundar.C, Sai Dhanshika, Yogi Babu | Girishh | Dhorai V.Z",Sony Music South,YHlUk5Kiflg
https://www.youtube.com/watch?v=juqws1LIH-I,Destiny's Child - Cater 2 U (Video Version),DestinysChildVEVO,juqws1LIH-I
https://www.youtube.com/watch?v=HUHC9tYz8ik,Billie Eilish - bury a friend,BillieEilishVEVO,HUHC9tYz8ik
https://www.youtube.com/watch?v=K533gW3boIY&list=RDQMCTJndFR9XYE&start_radio=1,"G-Eazy X Bebe Rexha - Me, Myself & I (Official Audio)",GEazyMusicVEVO,K533gW3boIY
https://www.youtube.com/watch?v=_cPHiwPqbqo,"Luka Chuppi: COCA COLA Song | Kartik A, Kriti S | Tony Kakkar Tanishk Bagchi Neha Kakkar Young Desi",T-Series,_cPHiwPqbqo
https://www.youtube.com/watch?v=fKopy74weus,Imagine Dragons - Thunder,ImagineDragonsVEVO,fKopy74weus
https://www.youtube.com/watch?v=yRB0xbKDebo,"Haan Main Galat - Love Aaj Kal | Kartik, Sara | Pritam | Arijit Singh | Shashwat",Sony Music India,yRB0xbKDebo
https://www.youtube.com/watch?v=L9pTBouRz68,"Full Song:LAGDI LAHORE DI|Street Dancer 3D | Varun D,Shraddha K, Nora F |Guru Randhawa,Tulsi Kumar",T-Series,L9pTBouRz68
https://www.youtube.com/watch?v=Wgh05DYN63o,Jerome Price - Me Minus You,Selected.,Wgh05DYN63o
https://www.youtube.com/watch?v=X9p1P8X-Hd0,DISKORD - Want U,Trap Nation,X9p1P8X-Hd0
https://www.youtube.com/watch?v=iib4Bmy5cow,MONATIK - Vitamin D (Official Video),MONATIK,iib4Bmy5cow
https://www.youtube.com/watch?v=eN6AYHAT8UM,"Yaad Piya Ki Aane Lagi | Divya Khosla Kumar |Neha K,Tanishk B,Jaani, Faisu, Radhika&Vinay |Bhushan K",T-Series,eN6AYHAT8UM
https://www.youtube.com/watch?v=9ee0UAKzN7g,O Bartira (Ao Vivo),LÃ©o Santana - Topic,9ee0UAKzN7g
https://www.youtube.com/watch?v=R9V0wFYYsZc,Bruno Mars - Count On Me (Karaoke Version),Sing King,R9V0wFYYsZc
https://www.youtube.com/watch?v=QYh6mYIJG2Y,Ariana Grande - 7 rings,ArianaGrandeVevo,QYh6mYIJG2Y
https://www.youtube.com/watch?v=Zj2cK8wymIA,Cardi B - Money (Official Audio),Cardi B,Zj2cK8wymIA
https://www.youtube.com/watch?v=J6Ygf4pGcjo,Kat Dahlia - I Think I'm In Love,KatDahliaVEVO,J6Ygf4pGcjo
https://www.youtube.com/watch?v=2I1ZU5g1QNo,"Billie Eilish - No Time To Die (Live From The BRIT Awards, London)",BillieEilishVEVO,2I1ZU5g1QNo
https://www.youtube.com/watch?v=GsFlbMS7UIc,Billie Eilish - bad guy (Karaoke Version),Sing King,GsFlbMS7UIc
https://www.youtube.com/watch?v=-_4GW6BNIqs&list=RD-_4GW6BNIqs&start_radio=1,Insideeus - Ecstasy (Official Video),InsideeusVEVO,-_4GW6BNIqs
https://www.youtube.com/watch?v=CmOARvQO_us,[Official MV] à¸?à¸µà¹?à¸£à¸°à¸?à¸¶à¸ (Reminder) â?? Third KAMIKAZE,welovekamikaze,CmOARvQO_us
https://www.youtube.com/watch?v=PScPZY21m6k,Hyphen Hyphen - Mama Sorry (Official video),Hyphen Hyphen,PScPZY21m6k
https://www.youtube.com/watch?v=2Zb5VqARLWY,Billie Eilish showing her body for the first time live in Miami,Billie Eilish,2Zb5VqARLWY
https://www.youtube.com/watch?v=lf_wVfwpfp8,Ariana Grande - Focus,ArianaGrandeVevo,lf_wVfwpfp8
https://www.youtube.com/watch?v=8Lei6uJZydM,Lauv - Who feat. BTS (Karaoke Version),Sing King,8Lei6uJZydM
https://www.youtube.com/watch?v=OWhiCkEY-Yk,Coldplay - Daddy (Official Video),Coldplay,OWhiCkEY-Yk
https://www.youtube.com/watch?v=kayI9QB1-IA,Coldplay - Champion Of The World (Official Video),Coldplay,kayI9QB1-IA
https://www.youtube.com/watch?v=Fg5BodB3imA,Becky G - Sola (Official Music Video),BeckyGVEVO,Fg5BodB3imA
https://www.youtube.com/watch?v=vLzBeJUuoMc,La Fourmi m'a PiquÃ© la Main,Les Patapons,vLzBeJUuoMc
https://www.youtube.com/watch?v=7Ow4uIMdXLY,"à¤?à¥?à¤¤à¥à¤° à¤¨à¤µà¤°à¤¾à¤¤à¥à¤°à¤¿ 2020 Special à¤­à¤?à¤¨ Chaitra Navratri Special Bhajans I Devi Bhajans I ANURADHA, CHANCHAL",T-Series Bhakti Sagar,7Ow4uIMdXLY
https://www.youtube.com/watch?v=J1OsKJW51HY,P!nk - Walk Me Home (Official Video),PinkVEVO,J1OsKJW51HY
https://www.youtube.com/watch?v=WXBHCQYxwr0,Ava Max - Sweet but Psycho [Official Music Video],Ava Max,WXBHCQYxwr0
https://www.youtube.com/watch?v=ZEPIu4GA5So,R Nait | Regret (Official Video) | Ft Tanishq Kaur | Gur Sidhu | Latest Punjabi Songs 2020,Speed Records,ZEPIu4GA5So
https://www.youtube.com/watch?v=o71_MatpYV0,Ed Sheeran - Shape Of You (Karaoke Version),Sing King,o71_MatpYV0
https://www.youtube.com/watch?v=KtlgYxa6BMU,Lord Huron - The Night We Met,Lord Huron,KtlgYxa6BMU
https://www.youtube.com/watch?v=uhiamj_I7II&list=RDQM21lgWDd6uzs&start_radio=1,Karaoke Sweet Child O'Mine - Guns N' Roses *,KaraFun Karaoke,uhiamj_I7II
https://www.youtube.com/watch?v=tSg1YnEucLI,GURI : Sone Diya Waliyan (Full Video) Satti Dhillon | MixSingh | Latest Romantic Song | Geet MP3,Geet MP3,tSg1YnEucLI
https://www.youtube.com/watch?v=FMN3AtsXqA0,Pitbull x El Chombo x Karol G - Dame Tu Cosita feat. Cutty Ranks (Prod. by Afro Bros) [Ultra Music],Ultra Music,FMN3AtsXqA0
https://www.youtube.com/watch?v=WXmTEyq5nXc,Coldplay - HypnotisedÂ (Official Lyric Video),Coldplay,WXmTEyq5nXc
https://www.youtube.com/watch?v=mawPX4US1l4,Meghan Trainor ft. John Legend - Like I'm Gonna Lose You (Karaoke Version),Sing King,mawPX4US1l4
https://www.youtube.com/watch?v=MBdVXkSdhwU&list=RDQMGCbz01xO3NE&start_radio=1,BTS (ë°©í??ì??ë??ë?¨) 'DNA' Official MV,Big Hit Labels,MBdVXkSdhwU
https://www.youtube.com/watch?v=F6PzaxH_TaA,V - Sweet Night (Karaoke Version),Sing King,F6PzaxH_TaA
https://www.youtube.com/watch?v=0aEnnH6t8Ts,Britney Spears - If U Seek Amy (Official Video),BritneySpearsVEVO,0aEnnH6t8Ts
https://www.youtube.com/watch?v=QrOe2h9RtWI,"BeyoncÃ©, Shakira - Beautiful Liar",BeyoncÃ©VEVO,QrOe2h9RtWI
https://www.youtube.com/watch?v=csviQHKDBuk,Lil Skies - i (Dir. by @_ColeBennett_),Lyrical Lemonade,csviQHKDBuk
https://www.youtube.com/watch?v=K_Q5-UocHdE,"ASMR EDIBLE CHAMPAGNE BOTTLE, SPOONS, HAIR BRUSH, POPPING BOBA, BUBBLE TEA, MOST POPULAR FOODS ë¨¹ë°©",HunniBee ASMR,K_Q5-UocHdE
https://www.youtube.com/watch?v=1jLOOCADTGs,A Dog's Purpose - Official Trailer (HD),Universal Pictures,1jLOOCADTGs
https://www.youtube.com/watch?v=RSFLtcUT30Y,Mean Girls - SNL,Saturday Night Live,RSFLtcUT30Y
https://www.youtube.com/watch?v=FD_x2jln2Uw,Bette & Tina Scenes Episode 6 | The L Word Generation Q,Ash Silver,FD_x2jln2Uw
https://www.youtube.com/watch?v=ByX2nM78MyQ,Diana y Roma juegan con un nuevo bus de Hello Kitty,Diana Bebe,ByX2nM78MyQ
https://www.youtube.com/watch?v=ZMT5_FkqVKI,GENIALES TRUCOS CON DULCES || Trucos y bromas con dulces que tienes que probar,123 GO! Like Spanish,ZMT5_FkqVKI
https://www.youtube.com/watch?v=AuUo20tUiFA,[All The K-POP]  ì??ì?¬ì??ì?¬ í??í?¸ì?®ê¸°ê¸° ê²?ì??,ALL THE K-POP,AuUo20tUiFA
https://www.youtube.com/watch?v=aw7pMlz4lj0,"The Kapil Sharma Show - ""Street Dancer 3D"" Episode | Varun D, Shraddha K,Prabhudeva, Nora F, Remo D",Kapil Sharma,aw7pMlz4lj0
https://www.youtube.com/watch?v=Yc0dwLYUUkE,Every error in Game of Thrones Season 8,Culture Vulture Media,Yc0dwLYUUkE
https://www.youtube.com/watch?v=aGde6072er0,ð?? r/EntitledParents KAREN DEMANDS I GIVE HER MY PHONE! | r/EntitledParents,r/mr reddit,aGde6072er0
https://www.youtube.com/watch?v=6_n7ru1e-rg,Kawasaki H2R - World Record  400 km/h in 26 sec. HD,Den ProHD,6_n7ru1e-rg
https://www.youtube.com/watch?v=m44zLklrWTE,"les ballets C de la B / Alain Platel - Fabrizio Cassol ""pitiÃ©!""",Mercat de les Flors,m44zLklrWTE
https://www.youtube.com/watch?v=hahnbcj4rSU,[W] ep.10 Han Hyo-joo kissed Lee Jong-suk 20160824,MBCdrama,hahnbcj4rSU
https://www.youtube.com/watch?v=zFS5i-s32N8&list=RDzFS5i-s32N8&start_radio=1,"Mainan dan Lagu Anak-Anak l Ø£ØºÙ?Ù?Ø© Ù?Ù?Ø£Ø·ÙØ§Ù? ,Ù?Ù?Ø³ Ù?Ø²Ø­ Ø§Ù?Ø±Ù?Ø§Ù? Ø§Ù?Ø­Ø±Ù?Ù? | Belajar Hewan liar untuk anak",Fun Fun TV,zFS5i-s32N8
https://www.youtube.com/watch?v=Q6M255BZ0HU,YOU INDIA YOU LOSE  - YLYL #0026,PewDiePie,Q6M255BZ0HU
https://www.youtube.com/watch?v=npeva1Sb8QQ,"Learn Fruit Names & Learn Colors #h Truck Car Toys Change Wheels for Children, Kids and Toddlers",ABC Channel,npeva1Sb8QQ
https://www.youtube.com/watch?v=GP9egt__qeI,THE RICH LIFE OF PEWDIEPIE,PewDiePie,GP9egt__qeI
https://www.youtube.com/watch?v=qD7_BFOvqf4,Funny Xbox Live Messages (haha),PewDiePie,qD7_BFOvqf4
https://www.youtube.com/watch?v=KYniUCGPGLs,Ð?Ð°Ñ?Ð° Ð¸ Ð?ÐµÐ´Ð²ÐµÐ´Ñ? (Masha and The Bear) - Ð?Ð°Ñ?Ð° Ð¿Ð»Ñ?Ñ ÐºÐ°Ñ?Ð° (17 Ð¡ÐµÑ?Ð¸Ñ),Get Movies,KYniUCGPGLs
https://www.youtube.com/watch?v=cV6yMUoYCh0,ÐÐ°ÑÑ?Ñ Ð¸ Ð¡Ñ?ÐµÐ¹ÑÐ¸ Ñ?ÑÑ?Ñ?Ð¾Ð¸Ð»Ð¸ Ð²ÐµÑÑ?Ð»Ñ?Ðµ ÑÐ¾Ñ?ÐµÐ²Ð½Ð¾Ð²Ð°Ð½Ð¸Ñ,Like Nastya,cV6yMUoYCh0
https://www.youtube.com/watch?v=HWpFPVuazbw,RC Vehicles Work in the Mud! Best R/C Construction Site! RC Trucks Extreme!,RC LIVE ACTION,HWpFPVuazbw
https://www.youtube.com/watch?v=8A9mJYprMl4,"Bheeshma Theatrical Trailer | Nithiin, Rashmika Mandanna | Venky Kudumula",Haarika & Hassine Creations,8A9mJYprMl4
https://www.youtube.com/watch?v=ABVZ02LyiXQ,Diana and Roma staged a chocolate challenge,â?¿ Kids Diana Show,ABVZ02LyiXQ
https://www.youtube.com/watch?v=UgJvX9-MNGc,"V Teaser - Nani, Sudheer Babu, Nivetha Thomas, Aditi Rao Hydari | Mohan Krishna Indraganti",Dil Raju,UgJvX9-MNGc
https://www.youtube.com/watch?v=cdcBWXzmP6E,Vlad y mami descansan en el mar,Vlad y Nikita,cdcBWXzmP6E
https://www.youtube.com/watch?v=Jfg3SN2KJTU,O SAKI SAKI | Batla House | Nora Fatehi | Belly Fusion | Team Naach Choreography |,Team Naach,Jfg3SN2KJTU
https://www.youtube.com/watch?v=M6wDeFYOKc0,NO NECK ED IS WILD'N! | 90 Day FiancÃ©: Before The 90 Days,SAUCEOHOLIC,M6wDeFYOKc0
https://www.youtube.com/watch?v=QlaoffOPp1I,Find n Catch Turtle for Cook in Forest Eating Delicious,Wilderness Life,QlaoffOPp1I
https://www.youtube.com/watch?v=oKikhb6iFr4,Diana y el Cuento para Dormir para NiÃ±os,Diana Bebe,oKikhb6iFr4
https://www.youtube.com/watch?v=wix8mwkeMKc,"Big F - Episode 5 - ""Private Tuition""",MTV India,wix8mwkeMKc
https://www.youtube.com/watch?v=1pY_RM0PDWs,Saving Adley from LAVA!! Family finds a hidden park! RUNNING OUTSIDE! mom is a pink lava monster!,Shonduras,1pY_RM0PDWs
https://www.youtube.com/watch?v=3N3J4yNdpzw,Gordon Ramsay & The Bella Twins Battle it Out For A WWE Belt | Scrambled,Gordon Ramsay,3N3J4yNdpzw
https://www.youtube.com/watch?v=xhO4Y3fXxyI,CuÃ­date y LÃ¡vate siempre las Manos ð??? | CanciÃ³n Infantil | Little Angel EspaÃ±ol,Little Angel EspaÃ±ol - Canciones Infantiles,xhO4Y3fXxyI
https://www.youtube.com/watch?v=6H-vq2vjOdE,"Sooryavanshi | Full Movie HD facts | Akshay K, Ajay D, Ranveer S, Katrina K | Rohit Shetty |",Bollygrad Studioz,6H-vq2vjOdE
https://www.youtube.com/watch?v=jYx0xCfeEYc,We Finally Know The Truth About The Bachelor's Victoria F,The List,jYx0xCfeEYc
https://www.youtube.com/watch?v=DFia7FhVmuM,Cut for Time: College Admissions - SNL,Saturday Night Live,DFia7FhVmuM
https://www.youtube.com/watch?v=KYniUCGPGLs&list=PLSTWV6W7BY3SidAH-VpYkbISY-bXNxKC8,Ð?Ð°Ñ?Ð° Ð¸ Ð?ÐµÐ´Ð²ÐµÐ´Ñ? (Masha and The Bear) - Ð?Ð°Ñ?Ð° Ð¿Ð»Ñ?Ñ ÐºÐ°Ñ?Ð° (17 Ð¡ÐµÑ?Ð¸Ñ),Get Movies,KYniUCGPGLs
https://www.youtube.com/watch?v=SEgk5iU3_xA,[W] ep.03 Han Hyo-joo surprised by Lee Jong-suk's sudden kiss! 20160727,MBCdrama,SEgk5iU3_xA
https://www.youtube.com/watch?v=wg-lbzqrzGI,I WANNA F*** PRANK (GONE RIGHTð???),A True Reality,wg-lbzqrzGI
https://www.youtube.com/watch?v=jmiRjnPg_Ns,Aventuras divertidas de Nastya y Margarita,Like Nastya ESP,jmiRjnPg_Ns
https://www.youtube.com/watch?v=__jUh9LGH8E,OTECKOVIA - Lucia s Vladom sa uÅ¾ nedokÃ¡Å¾u ovlÃ¡daÅ¥,TelevÃ­zia MarkÃ­za,__jUh9LGH8E
https://www.youtube.com/watch?v=p8P8LIDRYPo,Real Gangsta's | Comedy Video | Azhar N Ali,Azhar N Ali,p8P8LIDRYPo
https://www.youtube.com/watch?v=Yi3thApL7QM,MAKING GIANT SLIME BUBBLES!!!!,SIS vs BRO,Yi3thApL7QM
https://www.youtube.com/watch?v=hINC04a51vI,Ria com o Meu Talking Tom 2 - VÃ­deos EngraÃ§ados (ColetÃ¢nea de AnimaÃ§Ãµes),Talking Tom and Friends Brasil,hINC04a51vI
https://www.youtube.com/watch?v=3CfsCm9yIfk,BTS Bullying Jin And Jin's Reaction,BTS stan,3CfsCm9yIfk
https://www.youtube.com/watch?v=QsPSEk4pT8w,Tayna x Mc Kresha x Lyrical Son - Pasite,Friends Entertainment,QsPSEk4pT8w
https://www.youtube.com/watch?v=SOI0LP6E0ek,r/IncreasinglyVerbose - CURSED VOCABULARY 101.,The Click,SOI0LP6E0ek
https://www.youtube.com/watch?v=Pie2dqib7uo,BTS Memes I Can't Unsee,International Army,Pie2dqib7uo
https://www.youtube.com/watch?v=_rs-Z61q-hc,"OTECKOVIA - Adam si uÅ¾Ã­va s exotickou krÃ¡skou, deÅ¥om doma chÃ½ba",TelevÃ­zia MarkÃ­za,_rs-Z61q-hc
https://www.youtube.com/watch?v=VesjwsyqZGg,M&M'S STUCK IN EAR!,JesseAndMike,VesjwsyqZGg
https://www.youtube.com/watch?v=vD-uIirvI88,Are You Ready For Whats About TO COME?!,PewDiePie,vD-uIirvI88
https://www.youtube.com/watch?v=BLE4JOZl1_4,I Spent the Night in my Crush's House & She had No Idea... (24 Hour Challenge),Ben Azelart,BLE4JOZl1_4
https://www.youtube.com/watch?v=UNX4xBB8ja4,Sawal e Ishq | Episode 107 | Turkish Drama | Ibrahim Ã?elikkol | Birce Akalay | Best Pakistani Dramas,Best Pakistani Dramas,UNX4xBB8ja4
https://www.youtube.com/watch?v=RnpcPEZMnAg,r/Entitledparents She Tries to Drown a Kid in a Swimming Pool!,rSlash,RnpcPEZMnAg
https://www.youtube.com/watch?v=bBv5xP1ccp0,The action cam that does it all!! - Insta 360 ONE R,Tucker Gott,bBv5xP1ccp0
https://www.youtube.com/watch?v=7na_-LfGfpE,Baby and Cat Fun and Fails - Funny Baby Video,Fun and Fails,7na_-LfGfpE
https://www.youtube.com/watch?v=WpI2v8o-Zvg,ÐÐ°ÑÑ?Ñ Ð¸ Ð¿Ð°Ð¿Ð° Ñ?Ð°Ð·Ð²Ð»ÐµÐºÐ°Ñ?Ñ?ÑÑ Ð½Ð° Ð´ÐµÑ?ÑÐºÐ¸Ñ? Ð¿Ð»Ð¾Ñ?Ð°Ð´ÐºÐ°Ñ?,Like Nastya,WpI2v8o-Zvg
https://www.youtube.com/watch?v=kKWmtN75tM0,Kylie Jenner Donates $1 Million for Coronavirus Relief | E! News,E! News,kKWmtN75tM0
https://www.youtube.com/watch?v=7_pEPw1OCm0,Diana y Roma Juegan con PapÃ¡ en la Playa,Diana Bebe,7_pEPw1OCm0
https://www.youtube.com/watch?v=yJb09K9P18I,ASMR CRISPY MASALA DOSA + PANI PURI *INDIAN FOOD (EATING SOUNDS)  NO TALKING | SAS-ASMR,SAS-ASMR,yJb09K9P18I
https://www.youtube.com/watch?v=kz1NbU3tMbo,Last Toy Hunt at Toys R US Ever!!!,Ryan's World,kz1NbU3tMbo
https://www.youtube.com/watch?v=LEFkhZOKJ2E,Stacy y papÃ¡ estÃ¡n jugando en la calle con una baba,Like Nastya ESP,LEFkhZOKJ2E
https://www.youtube.com/watch?v=d4C81Q4CY4s,r/IDontWorkHereLady | So EVIL She was BANNED From Walmart...,VoiceyHere,d4C81Q4CY4s
https://www.youtube.com/watch?v=KFaZOTilKPI,I Wanna Be Like Daddy | Little Angel Nursery Rhymes & Kids Songs,Little Angel: Nursery Rhymes & Kids Songs,KFaZOTilKPI
https://www.youtube.com/watch?v=EEA84YOC24I,He Carries a 100-lb Mass On His Leg! | My 600-lb Life,TLC,EEA84YOC24I
https://www.youtube.com/watch?v=I9ihIfoWl3Q,The Karate Teen - SNL,Saturday Night Live,I9ihIfoWl3Q
https://www.youtube.com/watch?v=n0GxiyqS2K8,NERF GUN MUSIC GAME DOT N BEAT BATTLE,iGAMING TV,n0GxiyqS2K8
https://www.youtube.com/watch?v=FOjsQnhVab0,Experiment: Coca Cola and Mentos vs Python Snake in Hole - Catch Snake From Hole,Natural Channel,FOjsQnhVab0
https://www.youtube.com/watch?v=UNjHtu1p2OM,This Game Made Me Insane..  - Half Life Alyx - Part 3,PewDiePie,UNjHtu1p2OM
https://www.youtube.com/watch?v=dQ-LIOFXzgM,Game of Thrones 5x09 - Drogon rescues Daenerys,Kristina R,dQ-LIOFXzgM
https://www.youtube.com/watch?v=RreE0arVKZc,[REVIEW] Nerf Fortnite AR-L | Stryfe Reskin,Coop772,RreE0arVKZc
https://www.youtube.com/watch?v=G6vSvNfWC0M,O BEIJO DA COBRINHA,Muca MuriÃ§oca,G6vSvNfWC0M
https://www.youtube.com/watch?v=LuEFqZ72SgA,Prince Charles Tests Positive for Coronavirus | E! News,E! News,LuEFqZ72SgA
https://www.youtube.com/watch?v=tJIz-XNLEn8,Aer Lingus - SNL,Saturday Night Live,tJIz-XNLEn8
https://www.youtube.com/watch?v=BZqdeeKVoBc,Weekend Update: Claire from HR - SNL,Saturday Night Live,BZqdeeKVoBc
https://www.youtube.com/watch?v=oF0zzoFpH-A,STYLO G FT SPICE & SEAN PAUL - DUMPLING REMIX (OFFICIAL VIDEO),Stylo G,oF0zzoFpH-A
https://www.youtube.com/watch?v=Fc7e94nL8F8,Teen show jokes you might have missed as a child,MxR Plays,Fc7e94nL8F8
https://www.youtube.com/watch?v=Yg2LbN3H2uw,Os ovos enormes surpreendem o desafio dos brinquedos com corrediÃ§a inflÃ¡vel para Vlad,Vlad e Nikita BeBe Show,Yg2LbN3H2uw
https://www.youtube.com/watch?v=xb_OHL_Nm4w,Ariana Grande & Billie Eilish Grammy's Moments,AussieGrande,xb_OHL_Nm4w
https://www.youtube.com/watch?v=g_mye16jbmE,Avengers 2 - Age Of Ultron | Hollywood Full Movie In Hindi Dubbed,LATEST Entertainment,g_mye16jbmE
https://www.youtube.com/watch?v=RAjmdUqOZ4o,[ASMR] Deep Ear Attention ~ Intense Relaxation,Tingting ASMR,RAjmdUqOZ4o
https://www.youtube.com/watch?v=Pr6lLNWKZJs,Maria Clara e JP andam no carro de brinquedo para piquenique radical! â?¥ Barbie car Camping adventure,Maria Clara & JP,Pr6lLNWKZJs
https://www.youtube.com/watch?v=28HOrOgUbps,"r/Pettyrevenge A Karen Hoarded All The Toilet Paper, So I Got Revenge!",rSlash,28HOrOgUbps
https://www.youtube.com/watch?v=hc5Af3_ox70,"Big F - Episode 6 - ""I Kissed a Girl""",MTV India,hc5Af3_ox70
https://www.youtube.com/watch?v=UGDYmxwn6i4,Livestream FAILS,PewDiePie,UGDYmxwn6i4
https://www.youtube.com/watch?v=3TjVNIr44ts,A chata da minha irmÃ£ 27 (AniversÃ¡rio),Wiris Viana,3TjVNIr44ts
https://www.youtube.com/watch?v=c-GAQezjg8A,Wheel of Fortune - SNL,Saturday Night Live,c-GAQezjg8A
https://www.youtube.com/watch?v=c0BLr35bmTc&list=PL7VRuf1Zvv_ZY-Vo07xIhQlhrvude4M47,Baby Doll Refrigerator and food toys play,ToyPudding TV,c0BLr35bmTc
https://www.youtube.com/watch?v=mA96FQSXvvs,Whatsapp Status Letter Hð??? Love Status Letter ð???Hð???  Suno Acha Nhi Hota,S Armani,mA96FQSXvvs
https://www.youtube.com/watch?v=5DOoVDUkoQk,M&M'S STUCK IN NOSE!,JesseAndMike,5DOoVDUkoQk
https://www.youtube.com/watch?v=zN4JAJmzJfw,Tones and I - Dance Monkey (Lyrics),The Vibe Guide,zN4JAJmzJfw
https://www.youtube.com/watch?v=AfR7UloyWog,"Prince Charles Positive For COVID-19, Bindi Ties the Knot & More | E! News",E! News,AfR7UloyWog
https://www.youtube.com/watch?v=USS_WlR-NKI,Diana e Pai - Novo quarto estilo da princesa,Diana Show PRT,USS_WlR-NKI
https://www.youtube.com/watch?v=xTd5Qw8QXVk,r/ProRevenge - Nightmare Neighbor Accuses Me of Trying to Run Her Kids Over!  My Ultimate Revenge.,DarkFluff,xTd5Qw8QXVk
https://www.youtube.com/watch?v=WOzJ-vGHDiA,Game of Thrones - Sansa Stark bed scene with original soundtrack,vajcream,WOzJ-vGHDiA
https://www.youtube.com/watch?v=mGBO5FB0s5o&list=PLY04S6HbSPPFE66XA-cfZHVTWFDBCgSqw,Baby Doll bath toy and Surprise eggs play,ToyPudding TV,mGBO5FB0s5o
https://www.youtube.com/watch?v=4dniODfRL8Y,"""Top Chef Masters"" Winner Floyd Cardoz Dies From Coronavirus | E! News",E! News,4dniODfRL8Y
https://www.youtube.com/watch?v=oz8a4W1Gp4M,"Brand Babu (2019) NEW RELEASED Full Hindi Dubbed Movie | Sumanth, Murali Sharma, Eesha, Pujita",RK Duggal Studios,oz8a4W1Gp4M
https://www.youtube.com/watch?v=9lrsVjAzVvs,Avengers Infinity Saga Deleted Scene - Iron Man Becomes Doctor Strange and Thor Marvel Easter Eggs,Emergency Awesome,9lrsVjAzVvs
https://www.youtube.com/watch?v=kN9uR1hAOPk,Dating a Gold Digger (Part 2) | Anwar Jibawi,Anwar Jibawi,kN9uR1hAOPk
https://www.youtube.com/watch?v=VxcYuubC-D4,r/CrackheadCraigslist Â· go ahead. get a haircut.,EzPz,VxcYuubC-D4
https://www.youtube.com/watch?v=ZwxhfWVMAO4,OTECKOVIA - NehanebnÃ¡ Stella. S Alexom ich takmer pristihli,TelevÃ­zia MarkÃ­za,ZwxhfWVMAO4
https://www.youtube.com/watch?v=QA-iUmsSZpM,LEARN COLOR Motorcycles w Spiderman for kids and Superheroes cartoon for babies,CARS 4 CARS,QA-iUmsSZpM
https://www.youtube.com/watch?v=WVfi4Vzm2qI,"Kim & Kourtney's Feud Gets Physical: ""KUWTK"" Katch-Up (S18, E1) | E!",Keeping Up With The Kardashians,WVfi4Vzm2qI
https://www.youtube.com/watch?v=O45OxPUDem4,W - EP 7 | Lee Jong Suk & Han Hyo Joo Cuddling in Bed,Viki Global TV,O45OxPUDem4
https://www.youtube.com/watch?v=JFskydFMYsk,Diana y Roma juegan con cocina de juguetes,Diana Bebe,JFskydFMYsk
https://www.youtube.com/watch?v=HqUuwkzx6QA,My NEW House *101% real*  - Subnautica - Part 3,PewDiePie,HqUuwkzx6QA
https://www.youtube.com/watch?v=4rgo4yeC3C4,King Kong | V. Rex Fight,Universal Pictures,4rgo4yeC3C4
https://www.youtube.com/watch?v=WxGlOkp-ykA,Diana & Dad's birthday - surprises and sweets!,â?¿ Kids Diana Show,WxGlOkp-ykA
https://www.youtube.com/watch?v=VGMQO5frsSk,STAY F@RKENA HOME! #Stayhome,Sooshi Mango,VGMQO5frsSk
https://www.youtube.com/watch?v=yi7KGA_i2r8,Half Life Alyx (3) is OUT & it's AMAZING! - Full Playthough,PewDiePie,yi7KGA_i2r8
https://www.youtube.com/watch?v=3vl_TpYuyCs,The Truth About The Bachelor's Victoria F,TheThings,3vl_TpYuyCs
https://www.youtube.com/watch?v=qnshFLfulIM,Dhee Champions | 18th September 2019 | Full Episode | ETV Telugu,ETV Dhee,qnshFLfulIM
https://www.youtube.com/watch?v=N0DOH44aoMw,Sun Meri Shehzadi Main Tera Shehzada l Real School Love Story l 2020 l Wait For Next,Wait for next,N0DOH44aoMw
https://www.youtube.com/watch?v=Pa2zkT2HWsw,K-drama Rewind 2019: Scenes thatâ??ll make you swoon [ENG SUB],The Swoon,Pa2zkT2HWsw
https://www.youtube.com/watch?v=eM8p8Yhzsx0,Bizarre Things Nobody Notices About Billie Eilish,Foeko,eM8p8Yhzsx0
https://www.youtube.com/watch?v=DLnnD6mmRFE,Marutiflix  SHRIMATI 21 F latest Telugu movie trailar 2019 Produced by Baalu Tangella/,MARUTI FLIX,DLnnD6mmRFE
https://www.youtube.com/watch?v=NwqYOLQF_z0,"HUGE DOMINO SCREENLINK! (25,000 dominoes!)",Dynamic Domino,NwqYOLQF_z0
https://www.youtube.com/watch?v=FltLFSFc1VE,Diana e Roma fingem jogar ser babÃ¡s,Diana Show PRT,FltLFSFc1VE
https://www.youtube.com/watch?v=rvzWljqIRyU,"Ala Vaikunthapurramuloo Teaser - Allu Arjun, Pooja Hegde | Trivikram | Thaman S",Haarika & Hassine Creations,rvzWljqIRyU
https://www.youtube.com/watch?v=t7HD2xG92-0,Career Day - SNL,Saturday Night Live,t7HD2xG92-0
https://www.youtube.com/watch?v=UuOEak_iHwk,Latest Leak! Kennedy Agyapong releases HOT S*X video of Obinim on bed & will not accept Obinim's Apo,EKUONABA GH,UuOEak_iHwk
https://www.youtube.com/watch?v=VV5TZOBNBtA&list=RDQMPdrkZPeMoJI&start_radio=1,Kris Jenner Bets Kim A Range Rover In High-Stakes Poker | KUWTK | E!,E! Entertainment,VV5TZOBNBtA
https://www.youtube.com/watch?v=LkwPVWmRuYo&list=RDQMWuKCE6nsn-U&start_radio=1,"""This is my.."" Feat. Miller, Gabby Logan, D. Mitchell, Steve Backshall - Would I Lie to You?[HD][CC]",WILTY? Nope!,LkwPVWmRuYo
https://www.youtube.com/watch?v=ZT5S8mpMLkI,"This Guy Married BTS Jimin by Himself, What Happened?",Korea Crush,ZT5S8mpMLkI
https://www.youtube.com/watch?v=8qe7WNNo_wM,ONG SEONG WU ì?¹ì?±ì?° - â??GRAVITYâ?? M/V MAKING FILM,ONG SEONG WU ì?¹ì?±ì?°,8qe7WNNo_wM
https://www.youtube.com/watch?v=os_n14dglf8,r/madlads Best Posts #21,GioFilms,os_n14dglf8
https://www.youtube.com/watch?v=7VRjCLj3JPA,Ramona Singer Gives Update on Andy Cohen Amid COVID-19 Diagnosis | E! News,E! News,7VRjCLj3JPA
https://www.youtube.com/watch?v=6FWxLBjuzrQ&list=PLMSlzEMSGgXI2IHI7JV0rqwgR9Gpwzjnl,55 SURPRISE EGGS Huge Collection,Blu Toys Club Surprise,6FWxLBjuzrQ
https://www.youtube.com/watch?v=lIoMWsihRbM,My Talking Angela MEGA TRAILER ð??â?¨(Cartoon Compilation) ð?? ð???,Talking Angela,lIoMWsihRbM
https://www.youtube.com/watch?v=_3oKH9rM_Os,Alex Best Gets Feathered Searching For Stars | I'm A Celebrity... Get Me Out Of Here!,I'm A Celebrity... Get Me Out Of Here!,_3oKH9rM_Os
https://www.youtube.com/watch?v=noigg0t7RI4,r/IDontWorkHereLady - I Want This Employee Fired And a 95% Discount!,/Start,noigg0t7RI4
https://www.youtube.com/watch?v=OFfVrw5zWOg,Bindi Irwin Marries Chandler Powell at Australia Zoo | E! News,E! News,OFfVrw5zWOg
https://www.youtube.com/watch?v=fZUB_DHl3sw,W - EP 7 | Lee Jong Suk & Han Hyo Joo's Jailhouse Kiss,Viki Global TV,fZUB_DHl3sw
https://www.youtube.com/watch?v=lqRQ5Y6OYi4,Netflix Commercial - SNL,Saturday Night Live,lqRQ5Y6OYi4
https://www.youtube.com/watch?v=h7zO_pCt1cM,Joker Minus Music,Auralnauts,h7zO_pCt1cM
https://www.youtube.com/watch?v=Ad9Z-AaMWWs,ÐÐ°ÑÑ?Ñ Ð¸ Ð¸ÑÑ?Ð¾Ñ?Ð¸Ð¸ Ð¿Ñ?Ð¾ Ð²Ñ?ÐµÐ´Ð½Ñ?Ðµ ÑÐ»Ð°Ð´Ð¾ÑÑ?Ð¸,Like Nastya,Ad9Z-AaMWWs
https://www.youtube.com/watch?v=6qhGqzPHhAI,how much money i spend in a week,Hannah Meloche,6qhGqzPHhAI
https://www.youtube.com/watch?v=Wj-lxtfCja0,Emma Pretend Play McDonaldâ??s Happy Meal Chocolate French Fries,Toys and Colors,Wj-lxtfCja0
https://www.youtube.com/watch?v=6BoOhDf2Tmg,Hot Dip @ Calypso Water Park,Ty Tran,6BoOhDf2Tmg
https://www.youtube.com/watch?v=J7Cpkgzc648,BTS Viral Moments,BTS stan,J7Cpkgzc648
https://www.youtube.com/watch?v=t0RirM40Hc0,ASMR To Send Tingles Down Your Spine,Jojo's ASMR,t0RirM40Hc0
